sku,titulo,categoria,precio_mayorista_ars,stock_disponible,moneda,imagen_url,producto_url,actualizado_at,ml_item_id,ml_categoria_id,marca,modelo,color,gtin_ean,descripcion,peso_producto,alto_producto,ancho_producto,largo_producto,diametro_producto,espesor_producto,otros_atributos_producto,peso_paquete_ml,alto_paquete_ml,ancho_paquete_ml,largo_paquete_ml,peso_paquete_vendedor,alto_paquete_vendedor,ancho_paquete_vendedor,largo_paquete_vendedor,ml_publicacion_url
A498,Manta Termica Emergencia Supervivencia 130 X 210 Mts Metalic,Camping,2500,500,ARS,https://oportunidadeszeat.com.ar/wp-content/uploads/2026/04/D_956953-MLA76659278246_062024-O-1.webp,https://oportunidadeszeat.com.ar/producto/manta-termica-emergencia-supervivencia-130-x-210-mts-metalic/,2026-07-19 12:33:40 -03:00,MLA764755534,MLA416895,Zeat,EMERGENCY BLANKET,,782971297916,"OPORTUNIDADES ZEAT
Para compras por mayor tenemos un link con descuento y envio gratis

https://articulo.mercadolibre.com.ar/MLA-784320464-manta-termica-emergencia-supervivencia-por-mayor-20-unidades-_JM?quantity=1",,,,,,,,40 g,1.4 cm,7.6 cm,10.4 cm,40 g,11 cm,8 cm,2 cm,https://articulo.mercadolibre.com.ar/MLA-764755534-manta-termica-emergencia-supervivencia-130-x-210-mts-metalic-_JM
MD02,Llavero Silbato De Emergencia Metálico Compacto Tactico Plateado,Camping,4300,399,ARS,https://oportunidadeszeat.com.ar/wp-content/uploads/2026/04/D_831712-MLA109129941244_042026-O.webp,https://oportunidadeszeat.com.ar/producto/llavero-silbato-de-emergencia-metalico-compacto-tactico-plateado/,2026-07-19 12:33:40 -03:00,MLA1708342683,MLA413415,Zeat,Chato,Plateado,,"Lleva tu seguridad al siguiente nivel con el silbato profesional ZEAT. Diseñado para situaciones de supervivencia, entrenamiento deportivo o seguridad personal, este silbato de doble tubo garantiza un sonido agudo y potente que se escucha a largas distancias con el mínimo esfuerzo.

Características Principales:

Marca: ZEAT.

Diseño de Doble Tubo: Estructura optimizada para emitir un sonido de alto decibelio sin necesidad de una bola interna (pealess), funcionando incluso mojado.

Material Premium: Fabricado en aleación de aluminio de alta resistencia, ligero y duradero.

Acabado Profesional: Textura mate plateada que resiste la corrosión y el desgaste diario.

Portabilidad Total: Incluye argolla para llavero, ideal para llevar en la mochila, llaves o equipo de camping.


¿Por qué elegir ZEAT? 

Fiabilidad: Un accesorio esencial para senderismo, rescate, entrenadores y árbitros.

Diseño elegante y minimalista que combina con cualquier equipo.

Resistencia: Construido para soportar condiciones climáticas adversas.

Especificaciones Técnicas:
Color: Plateado.

Tipo: Llavero de emergencia/deportivo.

Dimensiones: Compacto y ergonómico para un agarre firme.",,,,,,,,50 g,4 cm,6 cm,2 cm,50 g,4 cm,6 cm,2 cm,https://articulo.mercadolibre.com.ar/MLA-1708342683-llavero-silbato-de-emergencia-metalico-compacto-tactico-plateado-_JM
A497,Sierra Para Supervivencia Cable Cuerda Cuchillo De Acero,Camping,2700,381,ARS,https://oportunidadeszeat.com.ar/wp-content/uploads/2026/04/D_959344-MLA31023431274_062019-O.jpg,https://oportunidadeszeat.com.ar/producto/sierra-para-supervivencia-cable-cuerda-cuchillo-de-acero/,2026-07-19 12:33:40 -03:00,MLA764748836,MLA18390,Zeat,sierra supervivencia,,782971297893,"OPORTUNIDADES ZEAT

Largo de cuerda 58 cm.",,,,,,,,40 g,1.6 cm,5 cm,6 cm,132 g,7 cm,6 cm,3 cm,https://articulo.mercadolibre.com.ar/MLA-764748836-sierra-para-supervivencia-cable-cuerda-cuchillo-de-acero-_JM
A499N,Lapicera Tactica Kubotan Tactical Pen Defensa Personal  Negro,Camping,5300,367,ARS,https://oportunidadeszeat.com.ar/wp-content/uploads/2026/04/D_673715-MLA93164731661_092025-O.jpg,https://oportunidadeszeat.com.ar/producto/lapicera-tactica-kubotan-tactical-pen-defensa-personal-negro/,2026-07-19 12:33:40 -03:00,MLA1940903630,MLA388265,Zeat,Kubotan,,,,100 g,15 cm,,,2 cm,,,60 g,1.2 cm,1.2 cm,13.4 cm,122 g,20 cm,13 cm,4 cm,https://articulo.mercadolibre.com.ar/MLA-1940903630-lapicera-tactica-kubotan-defensa-personal-tactical-pen-tinta-negro-exterior-negro-_JM
A522,Bolsa De Dormir De Emergencia Vivac Saco Cobertor Plateado,Camping,3900,309,ARS,https://oportunidadeszeat.com.ar/wp-content/uploads/2026/04/D_635979-MLA109595821611_032026-O.webp,https://oportunidadeszeat.com.ar/producto/bolsa-de-dormir-de-emergencia-vivac-saco-cobertor-plateado/,2026-07-19 12:33:40 -03:00,MLA808975111,MLA65848,Zeat,Vivac,,,"OPORTUNIDADES ZEAT 

ESPECIFICACIONES
- Es una excelente herramienta para agregar a cualquier kit de emergencia o equipo de camping.
- Puede ser utilizado solo ó como cobertor sobre la bolsa de dormir, para reducir la acción del viento y evitar el rocio.
- Refracta el 90% del calor corporal.
- Costuras selladas.

Medidas

- Largo 213 cm
-Ancho 91 cm",80 g,2.13 m,,,,,LOWER_WIDTH=91 cm | SUPERIOR_WIDTH=91 cm,100 g,2.8 cm,8.4 cm,13.6 cm,80 g,14 cm,8 cm,2 cm,https://articulo.mercadolibre.com.ar/MLA-808975111-bolsa-de-dormir-de-emergencia-vivac-saco-cobertor-plateado-_JM
A1,Torniquete Primeros Auxilio Botiquin Kit Curacion Emergencia Negro,Camping,6800,107,ARS,https://oportunidadeszeat.com.ar/wp-content/uploads/2026/04/D_632089-MLA81623339150_012025-O.webp,https://oportunidadeszeat.com.ar/producto/torniquete-primeros-auxilio-botiquin-kit-curacion-emergencia-negro/,2026-07-19 12:33:40 -03:00,MLA3029916360,MLA429428,Genérica,Torniquete,Negro,,,80 g,,3.8 cm,6.5 cm,,,,100 g,4 cm,15 cm,7 cm,100 g,4 cm,15 cm,7 cm,https://articulo.mercadolibre.com.ar/MLA-3029916360-torniquete-primeros-auxilio-botiquin-kit-curacion-emergencia-negro-_JM
A307,Tijera Sastre Modista Zig Zag Para Tela Cuerina  22 Cm,Costura y Sastrería,10900,215,ARS,https://oportunidadeszeat.com.ar/wp-content/uploads/2026/04/D_701463-MLA31010825544_062019-O-1.webp,https://oportunidadeszeat.com.ar/producto/tijera-sastre-modista-zig-zag-para-tela-cuerina-22-cm/,2026-07-19 12:33:40 -03:00,MLA630968480,MLA95399,Zeat,Zig Zag,,0780456874669,"OPORTUNIDADES ZEAT


SOFT GRIP

-Agarre suave para mayor conformidad con interior soft
flexible herramienta de alta calidad para trabajos 
intensivos
 materia
l
-acero laminado quirúrgico inoxidable serie 300 cromo
mas níquel dureza hrc 57 pulido mate, perno metálico
pivet de nilon con bolilla de acero

caracteristicas

-corte triangular 22 cm

-filo extra durable 

-mango ergonómico
apto para telas orgánicas y sintéticas,
decoración bricolaje
s crap booking papel, cartulina corcho plástico ,
hule goma eva

Horarios: 
Lunes a viernes de 11:00 a 16:00


Ubicacion: 

Estamos en el barrio de once cerca del shoping abasto y plaza once",,,,22 cm,,,,160 g,2.8 cm,9 cm,23.6 cm,160 g,26 cm,18 cm,5 cm,https://articulo.mercadolibre.com.ar/MLA-630968480-tijera-sastre-modista-zig-zag-para-tela-cuerina-22-cm-_JM
A307C,Tijera Zig Zag Corte Semicírculo Ondas Tela Manualidades Plateado,Costura y Sastrería,11100,104,ARS,https://oportunidadeszeat.com.ar/wp-content/uploads/2026/04/D_955149-MLA109129668376_042026-O.jpg,https://oportunidadeszeat.com.ar/producto/tijera-zig-zag-corte-semicirculo-ondas-tela-manualidades-plateado/,2026-07-19 12:33:40 -03:00,MLA3108568562,MLA105432,Zeat,Zig Zag,Plateado,,"Tijera Zeat de Corte Semicírculo (Ondas) 9 Pulgadas con Onda de 3mm

¡Dale un toque único, profesional y creativo a todos tus proyectos! Ya sea que trabajes en diseño textil, sastrería o manualidades detalladas, esta tijera decorativa de la marca ZEAT con corte en ondas es la herramienta de precisión que necesitas para lograr bordes impecables y originales.

¿Por qué elegir esta tijera Zeat?

Evita el deshilachado con precisión: En costura, su corte festoneado en semicírculo ayuda a que las telas no se deshilachen en los bordes, logrando terminaciones limpias y duraderas sin necesidad de usar una máquina remalladora. El diseño de onda de 3mm es ideal para detalles finos.

Corte suave y de alta costura: Sus hojas de acero inoxidable están afiladas con precisión desde la base hasta la punta, garantizando un corte continuo, suave y sin esfuerzo, evitando que el material se mastique o se trabe.

Agarre ergonómico y cómodo: El mango asimétrico está diseñado para adaptarse naturalmente a la forma de la mano, reduciendo la fatiga y la tensión durante largas jornadas de trabajo de corte de patrones o creación de manualidades.

Máxima versatilidad en materiales: Corta sin esfuerzo una amplia variedad de telas como algodón, denim, seda, fieltro y forros. También es excelente para materiales de papelería y manualidades como papel, cartulina, foami (goma eva) y cuero fino. Es la herramienta perfecta para scrapbooking, tarjetería y decoración creativa.

Especificaciones Técnicas:

Marca: ZEAT
Tipo de corte: Semicírculo / Ondas / Festoneado (Diseño decorativo).
Material de las hojas: Acero Inoxidable de alta resistencia (mantiene el filo y resiste la corrosión).
Largo total de la tijera: 9 pulgadas (22.86 centímetros).
Distancia entre ondas (Pico a pico): 3 milímetros (ideal para terminaciones finas).
Material del mango: Polímero ABS reforzado de alta durabilidad.

Preguntas Frecuentes:

¿Es apta para zurdos? No, este modelo cuenta con un mango ergonómico asimétrico y una disposición de hojas diseñados específicamente para brindar la mayor comodidad y precisión a personas diestras.

¿Viene afilada y lista para usar? Totalmente, cada tijera Zeat incluye un filo de fábrica de alta duración, revisado para asegurar un corte perfecto desde el primer momento.

¡Suma calidad profesional a tus herramientas de costura y creación! Agrega esta tijera Zeat a tu carrito hoy mismo y eleva el nivel de las terminaciones de tus trabajos. Si tienes alguna consulta adicional sobre el producto, déjanos tu pregunta abajo y te responderemos a la brevedad.",,,,19 cm,,,,160 g,2.6 cm,9 cm,23.6 cm,50 g,20 cm,5 cm,5 cm,https://articulo.mercadolibre.com.ar/MLA-3108568562-tijera-zig-zag-corte-semicirculo-ondas-tela-manualidades-plateado-_JM
A710,Tijera Costura 7 Pulgadas 17 Cm Acero Inoxidable Zeat Plateado,Costura y Sastrería,11800,40,ARS,https://oportunidadeszeat.com.ar/wp-content/uploads/2026/04/D_842762-MLA93206009783_092025-O.jpg,https://oportunidadeszeat.com.ar/producto/tijera-costura-7-pulgadas-17-cm-acero-inoxidable-zeat-plateado/,2026-07-19 12:33:40 -03:00,MLA2357299536,MLA95399,Zeat,Costura,Plateado,,"OPORTUNIDADES ZEAT
La Tijera de Costura de 7 Pulgadas (17 cm) de Zeat es una herramienta esencial para cualquier aficionado a la costura o profesional del diseño textil. Su hoja de acero inoxidable asegura un corte preciso y duradero, permitiendo trabajar con una variedad de telas sin sacrificar la calidad. La forma de punta de estas tijeras facilita un manejo controlado, ideal para los detalles más minuciosos de tus proyectos. 

Con un diseño ergonómico, estas tijeras se adaptan cómodamente a la mano, garantizando horas de uso sin fatiga. Su longitud de 17.78 cm permite un excelente equilibrio entre tamaño y funcionalidad. Perfectas para trabajos de confección, sastrería y manualidades, son una adición valiosa a tu kit de costura. 

El tipo de corte recto asegura resultados limpios y precisos en cada uso. Diseñadas específicamente para diestros, ofrecen un rendimiento óptimo en tareas de costura cotidiana. Con la Tijera de Costura Zeat, cada proyecto se convierte en una experiencia más placentera y efectiva.",,,,17.78 cm,,,,,,,,170 g,23 cm,14 cm,4 cm,https://articulo.mercadolibre.com.ar/MLA-2357299536-tijera-costura-7-pulgadas-17-cm-acero-inoxidable-zeat-plateado-_JM
S8P,Navaja De Afeitar Zeat Acero Inoxidable Profesional Plateado,Peluquería,4700,395,ARS,https://oportunidadeszeat.com.ar/wp-content/uploads/2026/05/D_648605-MLA109969962199_042026-O.jpg,https://oportunidadeszeat.com.ar/producto/navaja-de-afeitar-zeat-acero-inoxidable-profesional-plateado/,2026-07-19 12:33:40 -03:00,MLA3142315610,MLA414021,Zeat,Navaja,Plateado,,,50 g,,,16 cm,,,,50 g,10 cm,5 cm,5 cm,50 g,10 cm,5 cm,5 cm,https://articulo.mercadolibre.com.ar/MLA-3142315610-navaja-de-afeitar-zeat-acero-inoxidable-profesional-plateado-_JM
A712,Tijera Peluqueria Zeat Pulir 18 Cm Acero Inoxidable Diestro Plateado,Peluquería,11200,209,ARS,https://oportunidadeszeat.com.ar/wp-content/uploads/2026/04/D_645853-MLA41050839989_032020-O.jpg,https://oportunidadeszeat.com.ar/producto/tijera-peluqueria-zeat-pulir-18-cm-acero-inoxidable-diestro-plateado/,2026-07-19 12:33:40 -03:00,MLA618823908,MLA29891,Zeat,PULIR,,,"OPORTUNIDADES ZEAT


-TIJERA PROFESIONAL 
-CONFECCIONADA EN ACERO INOXIDABLE
-MODELO: PULIR (UN SOLO LADO DENTADO)
-MIDE 7 PULGADAS = 17,80 CM
-MARCA: ZEAT

Horarios: 
Lunes a viernes de 11:00 a 16:00


Ubicacion: 

Estamos en el barrio de once cerca del shoping abasto y plaza once

METODOS DE ENVIO:

-MERCADO ENVIOS",80 g,,,18 cm,,,,,,,,150 g,24 cm,19 cm,6 cm,https://articulo.mercadolibre.com.ar/MLA-618823908-tijera-peluqueria-zeat-pulir-18-cm-acero-inoxidable-diestro-_JM
A560,Peine De Corte De Aluminio Lucydan Anti-frizz Resistente Calor Plateado,Peluquería,6900,170,ARS,https://oportunidadeszeat.com.ar/wp-content/uploads/2026/04/D_950854-MLA87317634160_072025-O.jpg,https://oportunidadeszeat.com.ar/producto/peine-de-corte-de-aluminio-lucydan-anti-frizz-resistente-calor-plateado/,2026-07-19 12:33:40 -03:00,MLA1859909116,MLA29887,LucyDan,Aluminio,Plateado,,"Peine De Corte Peluquería De Aluminio Hair Comb Lucydan
__________________________________________________

Descripción:

• Peine de aluminio de diseño ergonómico, confortable a la mano del profesional.
• No se desliza debido a sus bordes redondeados, permitiendo un trabajo eficiente.
• Los dientes del peine son perfectos para un peinado suave y agradable para el cuero cabelludo.
• Resistente al calor y procesos químicos.
• Increíblemente fuerte y durable debido a su estructura metálica.
• Ideal para cortes y peinados, este peine anti-frizz asegura un acabado impecable.
• Aunque no es masajeador, su diseño está pensado para ofrecer la máxima comodidad durante el uso.
• Fabricado por la reconocida marca LucyDan, este peine es la herramienta perfecta para cualquier estilista profesional.
• Viene en un pack de una unidad, garantizando la calidad y durabilidad que necesitas en tu salón.
• Perfecto para quienes buscan un peine nuevo y de alta calidad para peinar y cortar.",,,,20 cm,,,TEETH_THICKNESS=Finos,,,,,331 g,25 cm,19 cm,3 cm,https://articulo.mercadolibre.com.ar/MLA-1859909116-peine-de-corte-de-aluminio-lucydan-anti-frizz-resistente-calor-plateado-_JM
A8255,Tijera Peluquería Canina Profesional Punta Roma 5.5 Pulgadas,Peluquería Canina,15400,258,ARS,https://oportunidadeszeat.com.ar/wp-content/uploads/2026/05/D_815554-MLA105658219373_012026-O-3.jpg,https://oportunidadeszeat.com.ar/producto/tijera-peluqueria-canina-profesional-punta-roma-5-5-pulgadas/,2026-07-19 12:33:40 -03:00,MLA916526124,MLA370488,Zeat,Punta Roma,,,"OPORTUNIDADES ZEAT


-TIJERA PROFESIONAL
-CONFECCIONADA EN ACERO INOXIDABLE
MODELO: Punta Roma
-MIDE 5.5 PULGADAS 
-Marca: ZEAT

Horarios: 
Lunes a viernes de 11:00 a 16:00


Ubicacion: 

Estamos en el barrio de once cerca del shoping abasto y plaza once

METODOS DE ENVIO:

-MERCADO ENVIOS",,,,13.97 cm,,,,80 g,1 cm,16 cm,7 cm,192 g,18 cm,13 cm,4 cm,https://articulo.mercadolibre.com.ar/MLA-916526124-tijera-peluqueria-canina-profesional-punta-roma-55-pulgadas-_JM
A369A,Guante De 3 Dedos Para Pool O Billar Calidad Premium Azul,Pool,6500,500,ARS,https://oportunidadeszeat.com.ar/wp-content/uploads/2026/04/D_759221-MLA93233250443_092025-O.webp,https://oportunidadeszeat.com.ar/producto/guante-de-3-dedos-para-pool-o-billar-calidad-premium-azul/,2026-07-19 12:33:40 -03:00,MLA2397051614,MLA47798,Predator,3 DEDOS,,,"Mejora tu experiencia en el juego de pool con el Guante De 3 Dedos Para Pool O Billar de calidad premium de la marca Predator. Este guante está diseñado para ofrecerte un agarre perfecto y un suave deslizamiento al momento de realizar tus tiros, asegurando un mayor control y precisión. Fabricado en tela de alta calidad, es ideal para jugadores que buscan maximizar su desempeño en cada partida.

Con un diseño que se adapta cómodamente a tu mano, este guante es apto para jugadores a partir de 14 años, proporcionando la flexibilidad necesaria para movimientos rápidos y precisos. Es ideal tanto para principiantes como para jugadores experimentados que deseen elevar su técnica. Con una construcción duradera, el guante mantendrá su forma y funcionamiento incluso tras múltiples sesiones de juego.

Este guante se presenta como una herramienta esencial para aquellos apasionados del pool, garantizando que cada tiro sea ejecutado con la mayor confianza y precisión. No dejes que el equipo inadecuado interrumpa tu juego; invierte en el guante que te brindará la calidad que mereces. Prepárate para disfrutar de una experiencia de billar mejorada y lleva tu juego al siguiente nivel.",,,,,,,,20 g,1 cm,12.5 cm,20 cm,20 g,20 cm,13 cm,1 cm,https://articulo.mercadolibre.com.ar/MLA-2397051614-guante-de-3-dedos-para-pool-o-billar-calidad-premium-azul-_JM
A367,Bola Blanca De Pool Con 6 Puntos Rojos Resina,Pool,15300,358,ARS,https://oportunidadeszeat.com.ar/wp-content/uploads/2026/04/D_697659-MLA96869695109_102025-O-1.webp,https://oportunidadeszeat.com.ar/producto/bola-blanca-de-pool-con-6-puntos-rojos-resina/,2026-07-19 12:33:40 -03:00,MLA1464559327,MLA47798,Zeat,PUNTOS ROJOS,,,,200 g,,,,5.7 cm,,,,,,,240 g,17 cm,13 cm,7 cm,https://articulo.mercadolibre.com.ar/MLA-1464559327-bola-blanca-de-pool-con-6-puntos-rojos-resina-_JM
S8D,Navaja De Afeitar Zeat Acero Inoxidable Profesional Dorado,Peluquería,5400,193,ARS,https://oportunidadeszeat.com.ar/wp-content/uploads/2026/04/D_948411-MLA109209898787_032026-O.jpg,https://oportunidadeszeat.com.ar/producto/navaja-de-afeitar-zeat-acero-inoxidable-profesional-dorado/,2026-07-19 12:33:40 -03:00,MLA1739334917,MLA414021,Zeat,Navaja,Dorado,,,50 g,,,16 cm,,,,50 g,10 cm,5 cm,5 cm,50 g,10 cm,5 cm,5 cm,https://articulo.mercadolibre.com.ar/MLA-1739334917-navaja-de-afeitar-zeat-acero-inoxidable-profesional-dorado-_JM
A368,Guante Para Pool O Billar 3 Dedos Tela Elastizada Negro,Pool,3300,208,ARS,https://oportunidadeszeat.com.ar/wp-content/uploads/2026/04/D_682996-MLA93200664385_092025-O.jpg,https://oportunidadeszeat.com.ar/producto/guante-para-pool-o-billar-3-dedos-tela-elastizada-negro/,2026-07-19 12:33:40 -03:00,MLA2137413426,MLA431559,Zeat,GUANTES 3 DEDOS,,,,,,,,,,,,,,,51 g,18 cm,13 cm,2 cm,https://articulo.mercadolibre.com.ar/MLA-2137413426-guante-para-pool-o-billar-3-dedos-tela-elastizada-negro-_JM
A526,Aspersor Riego Giratorio Agricola 3/4 Doble Boquilla 12 Mts,Riego y Grifería,4900,500,ARS,https://oportunidadeszeat.com.ar/wp-content/uploads/2026/05/D_927686-MLA100056277103_122025-O.webp,https://oportunidadeszeat.com.ar/producto/aspersor-riego-giratorio-agricola-3-4-doble-boquilla-12-mts/,2026-07-19 12:33:40 -03:00,MLA815051535,MLA74609,Zeat,5035,,,"Optimiza el riego de tus cultivos con el Aspersor Riego Giratorio Agrícola de la marca Zeat. Este modelo mecánico cuenta con dos boquillas que permiten un alcance ajustable entre 7 y 14 metros, ideal para asegurar una cobertura eficiente en áreas extensas. Su diseño giratorio garantiza que el agua se distribuya de manera uniforme, cuidando cada rincón de tu terreno.

Fabricado en material ABS, este aspersor incorpora resistencia y durabilidad para enfrentar las exigencias del ambiente agrícola. Con unas dimensiones compactas de 16 cm de altura y 16 cm de largo, se integra fácilmente en diferentes configuraciones de riego. Además, su operativa mecánica facilita un uso intuitivo y directo, perfecto para quienes buscan simplicidad y efectividad.
 Su fácil instalación y funcionamiento lo convierten en una opción privilegiada para agricultores y jardineros que buscan mejorar la calidad de su riego. Descubre la eficiencia y confiabilidad que el Aspersor Riego Giratorio Agrícola Zeat puede ofrecer a tus proyectos.

presión de trabajo de la rosca macho : 0.2-0.4mpa 
Frecuencia de seguimiento: 1.95-2.56m3 / H 
Radio de rango:11-12m
Medida de boquillas: 5.0+2.5 mm",,16 cm,1.19 m,16 cm,,,,120 g,2.6 cm,14 cm,17 cm,120 g,17 cm,14 cm,3 cm,https://articulo.mercadolibre.com.ar/MLA-815051535-aspersor-riego-giratorio-agricola-34-doble-boquilla-12-mts-_JM
5035SD,Aspersor Impacto Riego Agricola 3/4 Super Difusor 20 Mts,Riego y Grifería,6500,500,ARS,https://oportunidadeszeat.com.ar/wp-content/uploads/2026/04/D_889715-MLA73348497264_122023-O-2.jpg,https://oportunidadeszeat.com.ar/producto/aspersor-impacto-riego-agricola-3-4-super-difusor-20-mts/,2026-07-19 12:33:40 -03:00,MLA1599560076,MLA74609,Zeat,5035sd,,782971298159,"OPORTUNIDADES ZEAT
• Diseño único del martillo combinado con la placa
SD (super difusor) diseñado para una distribución
uniforme con una o dos boquillas.
• SD - Diseñado para lograr un rendimiento óptimo
y uniforme a bajas presiones.
• Gran uniformidad de distribución, hasta 12 metros
•Mayor resistencia al viento
• Diseñado para ciclos cortos de riego para
germinación

Aplicaciones: Para el uso en campos con sistemas de riegos fijos o móviles

Excelente distribución del agua con espaciamientos de hasta 20m.
Boquilla a bayoneta, codificado por color para un mantenimiento sencillo.
Aleta integral de direccionamiento del chorro de agua para obtener un máximo alcance.
Alta potencia de impacto, producido con materiales de alto grado de calidad y resistencia a la corrosión,
desgaste mecánico productos químicos y radiación solar (UV).
Rango operativo de presión: 2.5 – 5.0 bar.
Boquillas a bayoneta codificadas por color para facilitar su mantenimiento y manejo.
Resistencia a la radiación UV e impactos accidentales.
Ubicacion: 

Estamos en el barrio de once cerca del shoping abasto y plaza once

METODOS DE ENVIO:

-MERCADO ENVIOS",,15 cm,19 cm,15 cm,,,,,,,,80 g,27 cm,20 cm,7 cm,https://articulo.mercadolibre.com.ar/MLA-1599560076-aspersor-impacto-riego-agricola-34-super-difusor-20-mts-_JM
5023SD,Aspersor Impacto Riego Agricola 1/2 Sub Arbolera 20 Mts,Riego y Grifería,4500,500,ARS,https://oportunidadeszeat.com.ar/wp-content/uploads/2026/04/D_946128-MLA92501314215_092025-O.webp,https://oportunidadeszeat.com.ar/producto/aspersor-impacto-riego-agricola-1-2-sub-arbolera-20-mts/,2026-07-19 12:33:40 -03:00,MLA2355225106,MLA74609,Zeat,5023sd,,782971298159,,,10 cm,12 cm,10 cm,,,,,,,,120 g,21 cm,19 cm,9 cm,https://articulo.mercadolibre.com.ar/MLA-2355225106-aspersor-impacto-riego-agricola-12-super-difusor-20-mts-_JM
